{"cameraMode":{"drawMode":0,"name":"Shaded","section":"Shading Mode"},"sceneLighting":true,"audioPlay":false,"sceneViewState":{"m_AlwaysRefresh":false,"showFog":true,"showSkybox":true,"showFlares":true,"showImageEffects":true,"showParticleSystems":true,"showVisualEffectGraphs":true,"m_FxEnabled":true},"in2DMode":false,"pivot":{"x":0.24841566383838654,"y":2.370575428009033,"z":1.4754128456115723},"rotation":{"x":-2.3068210452947825e-8,"y":0.9999940395355225,"z":6.621775128223817e-8,"w":-0.0030000251717865469},"size":1.5428355932235718,"orthographic":false}