{"cameraMode":{"drawMode":0,"name":"Shaded","section":"Shading Mode"},"sceneLighting":false,"audioPlay":false,"sceneViewState":{"m_AlwaysRefresh":false,"showFog":false,"showSkybox":false,"showFlares":false,"showImageEffects":false,"showParticleSystems":false,"showVisualEffectGraphs":true,"m_FxEnabled":true},"in2DMode":false,"pivot":{"x":-7.748603820800781e-7,"y":0.89860999584198,"z":-0.03499418497085571},"rotation":{"x":-0.0010387609945610166,"y":0.9978795051574707,"z":0.06294969469308853,"w":0.016466468572616578},"size":1.356823205947876,"orthographic":false}